Order ID,Order Date,Customer Name,Region,Category,Product,Quantity,Unit Price,Sales,Profit
1001,2025-02-22,Customer_87,North,Electronics,Laptop,3,500,1500,176.92
1002,2025-09-16,Customer_78,North,Grocery,Rice,1,250,250,29.29
1003,2025-01-04,Customer_98,South,Fashion,Jacket,2,2500,5000,900.88
1004,2025-06-22,Customer_14,North,Grocery,Sugar,3,500,1500,174.91
1005,2025-01-23,Customer_94,West,Grocery,Rice,3,1000,3000,547.9
1006,2025-11-18,Customer_80,East,Electronics,Smartwatch,1,5000,5000,649.2
1007,2025-05-29,Customer_11,South,Fashion,T-Shirt,1,10000,10000,1187.43
1008,2025-07-06,Customer_21,East,Electronics,Smartwatch,3,2500,7500,1410.5
1009,2025-11-28,Customer_10,South,Furniture,Table,3,10000,30000,7176.94
1010,2025-11-24,Customer_89,South,Fashion,Jeans,4,2500,10000,1258.91
1011,2025-07-25,Customer_35,North,Furniture,Chair,2,250,500,108.43
1012,2025-11-26,Customer_59,South,Fashion,Shoes,2,10000,20000,3297.39
1013,2025-05-15,Customer_96,West,Furniture,Table,2,10000,20000,3508.65
1014,2025-02-16,Customer_97,North,Grocery,Sugar,2,500,1000,166.62
1015,2025-02-02,Customer_50,West,Electronics,Smartphone,2,10000,20000,3035.34
1016,2025-02-28,Customer_88,East,Grocery,Sugar,5,250,1250,244.56
1017,2025-01-02,Customer_93,East,Furniture,Chair,3,2500,7500,801.65
1018,2025-04-12,Customer_20,East,Fashion,T-Shirt,3,10000,30000,4989.08
1019,2025-02-27,Customer_47,East,Fashion,T-Shirt,5,1000,5000,815.31
1020,2025-02-13,Customer_94,West,Fashion,T-Shirt,2,5000,10000,2409.81
1021,2025-10-09,Customer_22,East,Electronics,Smartphone,2,10000,20000,3215.96
1022,2025-06-09,Customer_52,East,Grocery,Oil,5,10000,50000,9863.87
1023,2025-06-23,Customer_3,South,Grocery,Tea,1,500,500,59.1
1024,2025-04-28,Customer_9,North,Fashion,T-Shirt,1,10000,10000,1872.88
1025,2025-09-06,Customer_28,South,Furniture,Chair,5,500,2500,318.35
1026,2025-02-19,Customer_85,West,Grocery,Oil,4,2500,10000,1123.7
1027,2025-01-28,Customer_87,North,Furniture,Bed,4,2500,10000,2268.52
1028,2025-04-08,Customer_69,West,Electronics,Smartwatch,3,250,750,91.7
1029,2025-02-08,Customer_57,North,Fashion,Jacket,2,1000,2000,317.29
1030,2025-09-06,Customer_62,South,Electronics,Laptop,1,500,500,54.14
1031,2025-07-19,Customer_34,West,Grocery,Rice,2,2500,5000,401.83
1032,2025-03-21,Customer_25,East,Furniture,Bed,5,10000,50000,10106.47
1033,2025-06-10,Customer_8,North,Fashion,T-Shirt,5,10000,50000,8608.66
1034,2025-04-06,Customer_9,North,Grocery,Oil,1,5000,5000,468.09
1035,2025-11-01,Customer_6,North,Fashion,Jacket,1,5000,5000,609.28
1036,2025-06-10,Customer_31,East,Grocery,Sugar,3,500,1500,290.78
1037,2025-02-07,Customer_2,West,Grocery,Oil,3,2500,7500,1003.13
1038,2025-03-09,Customer_45,North,Electronics,Laptop,5,500,2500,415.0
1039,2025-10-06,Customer_91,East,Fashion,Shoes,3,500,1500,231.74
1040,2025-02-24,Customer_96,South,Electronics,Headphones,1,500,500,62.48
1041,2025-04-15,Customer_88,East,Furniture,Sofa,5,500,2500,504.99
1042,2025-05-22,Customer_6,North,Grocery,Sugar,1,250,250,46.96
1043,2025-10-10,Customer_91,West,Furniture,Table,3,500,1500,309.01
1044,2025-10-07,Customer_5,East,Electronics,Laptop,1,10000,10000,2336.68
1045,2025-01-21,Customer_46,South,Fashion,Jacket,2,250,500,66.2
1046,2025-07-28,Customer_80,South,Fashion,T-Shirt,3,5000,15000,3454.54
1047,2025-06-20,Customer_53,South,Fashion,Jeans,2,2500,5000,421.07
1048,2025-08-29,Customer_29,South,Furniture,Table,1,2500,2500,570.67
1049,2025-12-04,Customer_25,West,Grocery,Sugar,3,500,1500,176.85
1050,2025-09-18,Customer_52,East,Furniture,Sofa,1,1000,1000,139.69
1051,2025-05-16,Customer_5,North,Electronics,Laptop,3,500,1500,268.05
1052,2025-09-19,Customer_15,West,Grocery,Sugar,3,2500,7500,1372.92
1053,2025-09-24,Customer_69,South,Fashion,Shoes,1,10000,10000,1541.3
1054,2025-11-16,Customer_41,North,Furniture,Bed,1,10000,10000,2365.31
1055,2025-06-01,Customer_71,South,Furniture,Sofa,4,1000,4000,593.63
1056,2025-03-31,Customer_79,East,Fashion,Jacket,4,10000,40000,8287.32
1057,2025-10-24,Customer_78,East,Grocery,Rice,3,1000,3000,347.19
1058,2025-08-31,Customer_95,South,Grocery,Tea,4,10000,40000,4653.17
1059,2025-06-21,Customer_12,South,Electronics,Headphones,5,10000,50000,9380.0
1060,2025-05-06,Customer_61,North,Furniture,Table,2,500,1000,84.15
1061,2025-07-16,Customer_64,West,Grocery,Tea,5,500,2500,505.3
1062,2025-04-23,Customer_23,West,Fashion,Jeans,1,250,250,53.08
1063,2025-08-26,Customer_86,East,Electronics,Smartphone,1,2500,2500,256.67
1064,2025-09-01,Customer_58,East,Grocery,Tea,5,2500,12500,2906.57
1065,2025-05-21,Customer_57,North,Fashion,Shoes,5,2500,12500,2331.84
1066,2025-10-04,Customer_11,South,Furniture,Table,3,1000,3000,403.05
1067,2025-04-20,Customer_9,West,Fashion,Jeans,4,10000,40000,4239.08
1068,2025-04-16,Customer_54,West,Grocery,Sugar,5,2500,12500,1883.52
1069,2025-06-02,Customer_97,West,Electronics,Smartwatch,4,250,1000,240.27
1070,2025-09-06,Customer_4,West,Grocery,Oil,4,500,2000,252.8
1071,2025-11-15,Customer_69,North,Furniture,Bed,2,2500,5000,1181.61
1072,2025-08-25,Customer_24,North,Grocery,Rice,1,10000,10000,1528.64
1073,2025-06-22,Customer_98,West,Furniture,Bed,3,500,1500,235.95
1074,2025-10-04,Customer_7,East,Furniture,Bed,3,250,750,119.96
1075,2025-04-13,Customer_3,South,Fashion,T-Shirt,1,250,250,60.36
1076,2025-04-22,Customer_60,East,Fashion,Jeans,4,10000,40000,3977.85
1077,2025-02-28,Customer_100,South,Furniture,Table,5,5000,25000,6095.87
1078,2025-10-22,Customer_87,West,Furniture,Chair,5,250,1250,297.39
1079,2025-11-18,Customer_32,North,Grocery,Oil,1,5000,5000,987.02
1080,2025-08-08,Customer_85,East,Furniture,Chair,5,250,1250,173.78
1081,2025-02-24,Customer_56,East,Electronics,Headphones,1,2500,2500,549.49
1082,2025-11-30,Customer_35,West,Grocery,Oil,4,500,2000,409.49
1083,2025-05-06,Customer_12,East,Grocery,Tea,5,1000,5000,673.96
1084,2025-07-14,Customer_44,North,Grocery,Oil,4,5000,20000,3675.13
1085,2025-05-13,Customer_44,East,Grocery,Sugar,2,2500,5000,580.3
1086,2025-07-28,Customer_63,South,Furniture,Chair,5,500,2500,236.39
1087,2025-04-24,Customer_52,South,Grocery,Tea,4,250,1000,95.82
1088,2025-08-06,Customer_96,East,Furniture,Sofa,4,5000,20000,3405.13
1089,2025-03-03,Customer_93,South,Furniture,Bed,3,1000,3000,368.22
1090,2025-04-21,Customer_95,West,Furniture,Chair,5,10000,50000,5573.77
1091,2025-07-04,Customer_23,East,Furniture,Sofa,1,500,500,65.18
1092,2025-10-11,Customer_38,South,Electronics,Smartphone,3,250,750,184.22
1093,2025-09-03,Customer_57,East,Grocery,Rice,1,5000,5000,641.69
1094,2025-02-03,Customer_52,West,Fashion,T-Shirt,3,2500,7500,745.46
1095,2025-06-05,Customer_11,South,Electronics,Laptop,2,500,1000,217.89
1096,2025-04-26,Customer_100,West,Electronics,Smartwatch,5,5000,25000,5360.65
1097,2025-06-06,Customer_73,North,Grocery,Tea,3,5000,15000,3724.58
1098,2025-03-22,Customer_31,South,Electronics,Smartphone,2,1000,2000,384.55
1099,2025-11-01,Customer_61,East,Electronics,Smartphone,1,2500,2500,391.46
1100,2025-08-21,Customer_10,South,Electronics,Smartphone,3,10000,30000,3841.86
1101,2025-11-28,Customer_20,East,Furniture,Table,4,250,1000,172.58
1102,2025-11-01,Customer_96,East,Fashion,T-Shirt,1,500,500,107.37
1103,2025-07-26,Customer_35,West,Grocery,Rice,4,10000,40000,5267.82
1104,2025-06-15,Customer_78,East,Grocery,Rice,5,250,1250,289.0
1105,2025-10-22,Customer_76,North,Electronics,Laptop,2,10000,20000,4442.26
1106,2025-08-15,Customer_36,South,Furniture,Chair,2,2500,5000,841.12
1107,2025-06-20,Customer_42,North,Grocery,Tea,1,2500,2500,347.88
1108,2025-12-06,Customer_52,North,Fashion,Shoes,4,10000,40000,6569.19
1109,2025-07-26,Customer_66,North,Grocery,Rice,3,1000,3000,404.87
1110,2025-11-15,Customer_97,West,Grocery,Tea,1,500,500,84.07
1111,2025-05-28,Customer_57,West,Grocery,Rice,2,1000,2000,346.73
1112,2025-06-09,Customer_71,North,Electronics,Laptop,5,500,2500,501.66
1113,2025-03-02,Customer_83,South,Grocery,Rice,2,250,500,79.22
1114,2025-09-05,Customer_61,South,Grocery,Sugar,5,10000,50000,6324.11
1115,2025-09-18,Customer_96,South,Grocery,Oil,4,500,2000,473.44
1116,2025-09-17,Customer_35,North,Electronics,Headphones,4,1000,4000,955.29
1117,2025-09-08,Customer_20,West,Furniture,Sofa,5,5000,25000,6245.33
1118,2025-07-13,Customer_59,East,Grocery,Sugar,3,5000,15000,3145.33
1119,2025-07-30,Customer_6,East,Fashion,Jeans,5,2500,12500,1496.32
1120,2025-11-30,Customer_20,West,Grocery,Tea,4,10000,40000,8588.28
1121,2025-02-21,Customer_57,North,Electronics,Smartphone,5,5000,25000,3410.98
1122,2025-03-21,Customer_10,West,Grocery,Rice,2,2500,5000,1140.29
1123,2025-02-11,Customer_43,West,Furniture,Sofa,5,10000,50000,7378.61
1124,2025-05-01,Customer_81,East,Furniture,Bed,5,250,1250,231.21
1125,2025-12-27,Customer_13,West,Fashion,T-Shirt,4,250,1000,209.26
1126,2025-01-29,Customer_38,East,Fashion,Shoes,1,250,250,33.79
1127,2025-10-17,Customer_88,South,Furniture,Bed,2,500,1000,170.3
1128,2025-11-14,Customer_88,South,Fashion,Jeans,1,5000,5000,1140.21
1129,2025-08-24,Customer_33,North,Grocery,Oil,2,2500,5000,942.22
1130,2025-06-26,Customer_76,East,Grocery,Sugar,5,500,2500,231.39
1131,2025-07-16,Customer_62,North,Grocery,Sugar,4,1000,4000,455.47
1132,2025-12-25,Customer_38,North,Fashion,Jacket,5,1000,5000,888.59
1133,2025-01-26,Customer_78,West,Grocery,Sugar,1,5000,5000,1135.31
1134,2025-04-08,Customer_80,East,Furniture,Table,5,1000,5000,586.15
1135,2025-01-18,Customer_75,East,Fashion,T-Shirt,1,1000,1000,214.06
1136,2025-03-31,Customer_26,South,Fashion,T-Shirt,3,1000,3000,621.22
1137,2025-09-04,Customer_38,East,Furniture,Sofa,2,1000,2000,470.78
1138,2025-04-26,Customer_87,West,Electronics,Smartwatch,1,500,500,104.1
1139,2025-03-05,Customer_59,East,Furniture,Chair,4,250,1000,124.96
1140,2025-08-30,Customer_4,East,Furniture,Bed,3,250,750,146.04
1141,2025-07-29,Customer_15,South,Fashion,T-Shirt,4,10000,40000,5254.89
1142,2025-05-01,Customer_69,South,Electronics,Laptop,3,2500,7500,748.05
1143,2025-12-23,Customer_70,West,Grocery,Tea,3,10000,30000,7241.84
1144,2025-05-24,Customer_5,East,Fashion,Jacket,1,2500,2500,461.65
1145,2025-02-20,Customer_88,East,Fashion,Jacket,4,500,2000,450.85
1146,2025-03-04,Customer_59,North,Furniture,Chair,4,1000,4000,449.07
1147,2025-03-06,Customer_73,South,Fashion,T-Shirt,1,1000,1000,121.41
1148,2025-04-30,Customer_43,South,Electronics,Smartphone,5,500,2500,545.55
1149,2025-03-31,Customer_15,North,Electronics,Headphones,2,500,1000,171.84
1150,2025-01-09,Customer_23,East,Fashion,T-Shirt,3,500,1500,270.16
1151,2025-02-02,Customer_61,West,Electronics,Smartphone,4,5000,20000,1986.41
1152,2025-11-11,Customer_6,East,Furniture,Chair,4,5000,20000,2353.27
1153,2025-08-07,Customer_88,North,Grocery,Rice,1,2500,2500,560.1
1154,2025-03-17,Customer_9,South,Grocery,Tea,1,250,250,33.69
1155,2025-08-21,Customer_65,West,Furniture,Sofa,4,5000,20000,3403.89
1156,2025-08-09,Customer_58,South,Electronics,Laptop,5,10000,50000,11356.68
1157,2025-02-18,Customer_41,West,Grocery,Sugar,4,2500,10000,1507.18
1158,2025-08-31,Customer_9,North,Furniture,Sofa,3,500,1500,295.14
1159,2025-07-10,Customer_17,North,Electronics,Laptop,4,250,1000,206.58
1160,2025-08-05,Customer_93,North,Furniture,Chair,4,1000,4000,914.05
1161,2025-04-19,Customer_20,West,Furniture,Sofa,3,250,750,133.68
1162,2025-05-23,Customer_74,South,Fashion,T-Shirt,3,5000,15000,2137.28
1163,2025-05-17,Customer_4,South,Grocery,Rice,5,10000,50000,11050.42
1164,2025-03-15,Customer_73,West,Furniture,Sofa,3,1000,3000,243.11
1165,2025-04-21,Customer_49,West,Electronics,Smartphone,1,250,250,51.71
1166,2025-06-16,Customer_100,North,Grocery,Sugar,2,1000,2000,265.96
1167,2025-02-11,Customer_35,West,Electronics,Smartphone,2,5000,10000,884.6
1168,2025-04-21,Customer_97,North,Grocery,Tea,5,2500,12500,1880.14
1169,2025-10-31,Customer_63,East,Furniture,Bed,1,1000,1000,195.3
1170,2025-04-15,Customer_39,South,Electronics,Smartphone,4,5000,20000,1786.26
1171,2025-09-12,Customer_96,West,Fashion,Shoes,3,1000,3000,301.19
1172,2025-09-14,Customer_72,East,Fashion,Jeans,4,5000,20000,3992.48
1173,2025-02-09,Customer_41,West,Electronics,Smartwatch,1,2500,2500,207.97
1174,2025-06-16,Customer_22,West,Grocery,Tea,3,250,750,111.64
1175,2025-10-29,Customer_52,North,Furniture,Chair,4,250,1000,121.36
1176,2025-03-28,Customer_10,North,Grocery,Sugar,3,500,1500,204.93
1177,2025-11-27,Customer_19,South,Fashion,Shoes,3,10000,30000,7286.94
1178,2025-03-20,Customer_98,North,Electronics,Smartphone,3,500,1500,164.24
1179,2025-08-18,Customer_88,East,Fashion,Jacket,4,5000,20000,4183.58
1180,2025-11-20,Customer_39,East,Furniture,Table,4,250,1000,159.72
1181,2025-08-20,Customer_5,North,Electronics,Headphones,5,250,1250,165.96
1182,2025-02-16,Customer_79,West,Furniture,Sofa,1,10000,10000,2269.23
1183,2025-06-14,Customer_78,West,Grocery,Rice,4,5000,20000,3816.25
1184,2025-06-25,Customer_92,North,Fashion,T-Shirt,4,250,1000,217.86
1185,2025-08-13,Customer_68,South,Fashion,T-Shirt,2,10000,20000,3088.38
1186,2025-06-23,Customer_87,North,Furniture,Sofa,3,2500,7500,1121.18
1187,2025-07-17,Customer_37,East,Furniture,Chair,3,250,750,131.14
1188,2025-06-29,Customer_40,West,Fashion,Shoes,1,5000,5000,964.07
1189,2025-06-18,Customer_17,North,Fashion,T-Shirt,3,5000,15000,2160.53
1190,2025-04-20,Customer_44,West,Grocery,Sugar,1,1000,1000,132.51
1191,2025-02-21,Customer_65,North,Fashion,Jeans,2,500,1000,93.12
1192,2025-04-03,Customer_89,South,Furniture,Table,5,2500,12500,1327.79
1193,2025-05-02,Customer_57,East,Grocery,Rice,4,1000,4000,779.93
1194,2025-08-29,Customer_25,East,Grocery,Oil,5,500,2500,331.52
1195,2025-08-03,Customer_21,South,Grocery,Tea,3,2500,7500,1241.21
1196,2025-07-10,Customer_71,North,Fashion,Shoes,1,10000,10000,1617.0
1197,2025-09-20,Customer_19,West,Electronics,Headphones,1,500,500,63.19
1198,2025-08-01,Customer_7,West,Electronics,Smartphone,4,1000,4000,952.72
1199,2025-01-15,Customer_41,North,Furniture,Table,4,250,1000,143.74
1200,2025-08-30,Customer_90,South,Furniture,Table,2,250,500,64.38
1201,2025-01-10,Customer_33,South,Grocery,Tea,5,250,1250,292.49
1202,2025-03-04,Customer_7,South,Fashion,Jacket,1,1000,1000,120.4
1203,2025-09-13,Customer_77,North,Grocery,Tea,1,250,250,55.56
1204,2025-06-30,Customer_31,West,Fashion,Jeans,3,2500,7500,601.99
1205,2025-09-27,Customer_70,North,Fashion,T-Shirt,5,1000,5000,457.53
1206,2025-07-11,Customer_33,North,Grocery,Tea,1,10000,10000,1457.7
1207,2025-11-18,Customer_14,East,Furniture,Chair,3,500,1500,306.9
1208,2025-11-26,Customer_23,West,Fashion,T-Shirt,3,5000,15000,2063.3
1209,2025-08-23,Customer_5,East,Grocery,Oil,2,250,500,100.86
1210,2025-06-08,Customer_66,West,Fashion,T-Shirt,2,250,500,66.83
1211,2025-07-02,Customer_100,North,Grocery,Sugar,1,10000,10000,1124.88
1212,2025-07-24,Customer_96,West,Furniture,Sofa,1,1000,1000,154.28
1213,2025-07-08,Customer_67,East,Grocery,Sugar,2,2500,5000,988.26
1214,2025-04-03,Customer_70,East,Electronics,Smartwatch,1,2500,2500,456.04
1215,2025-06-06,Customer_58,West,Furniture,Chair,1,1000,1000,192.36
1216,2025-06-30,Customer_79,West,Fashion,Jacket,3,2500,7500,654.0
1217,2025-07-06,Customer_66,South,Furniture,Chair,1,10000,10000,1883.77
1218,2025-01-18,Customer_17,North,Electronics,Smartphone,5,10000,50000,10641.15
1219,2025-01-17,Customer_78,South,Fashion,Shoes,3,2500,7500,1810.57
1220,2025-10-21,Customer_18,East,Grocery,Sugar,3,2500,7500,1572.93
1221,2025-01-14,Customer_95,South,Grocery,Sugar,3,500,1500,364.93
1222,2025-05-14,Customer_91,West,Grocery,Tea,5,250,1250,155.63
1223,2025-02-07,Customer_58,South,Fashion,Shoes,4,500,2000,201.7
1224,2025-02-03,Customer_71,East,Grocery,Rice,3,10000,30000,4171.87
1225,2025-03-04,Customer_26,South,Furniture,Table,2,1000,2000,332.98
1226,2025-07-08,Customer_60,South,Fashion,Jacket,1,1000,1000,174.18
1227,2025-09-03,Customer_68,West,Electronics,Laptop,3,2500,7500,1874.48
1228,2025-08-19,Customer_60,East,Grocery,Rice,2,1000,2000,378.4
1229,2025-01-29,Customer_16,South,Fashion,Jeans,2,2500,5000,827.43
1230,2025-04-26,Customer_45,East,Furniture,Table,2,1000,2000,477.81
1231,2025-05-21,Customer_17,East,Electronics,Headphones,2,10000,20000,4851.6
1232,2025-12-04,Customer_80,East,Electronics,Smartphone,5,5000,25000,2655.33
1233,2025-10-23,Customer_34,South,Electronics,Laptop,1,250,250,60.31
1234,2025-11-25,Customer_39,West,Grocery,Rice,4,10000,40000,6909.93
1235,2025-01-31,Customer_21,West,Fashion,Jacket,3,2500,7500,693.04
1236,2025-03-15,Customer_41,East,Grocery,Tea,4,500,2000,275.67
1237,2025-02-24,Customer_41,South,Furniture,Bed,2,1000,2000,335.09
1238,2025-02-19,Customer_7,East,Grocery,Rice,3,2500,7500,916.1
1239,2025-10-23,Customer_93,East,Grocery,Tea,2,500,1000,218.29
1240,2025-06-07,Customer_64,North,Fashion,Jeans,4,5000,20000,3187.17
1241,2025-04-21,Customer_75,East,Electronics,Smartwatch,5,2500,12500,3054.21
1242,2025-12-01,Customer_87,West,Electronics,Laptop,3,2500,7500,1361.84
1243,2025-05-16,Customer_94,East,Furniture,Chair,1,2500,2500,256.92
1244,2025-10-15,Customer_25,East,Grocery,Sugar,1,2500,2500,221.74
1245,2025-10-09,Customer_36,North,Furniture,Chair,4,5000,20000,3131.2
1246,2025-06-23,Customer_72,East,Fashion,T-Shirt,4,1000,4000,860.53
1247,2025-01-21,Customer_6,North,Fashion,Jeans,5,5000,25000,3705.9
1248,2025-11-07,Customer_66,South,Fashion,Shoes,4,5000,20000,3153.76
1249,2025-06-03,Customer_76,East,Furniture,Sofa,2,2500,5000,1242.02
1250,2025-12-11,Customer_15,West,Grocery,Sugar,4,250,1000,142.62
1251,2025-12-02,Customer_100,South,Furniture,Chair,5,2500,12500,1564.25
1252,2025-11-14,Customer_100,West,Electronics,Smartwatch,2,5000,10000,1869.34
1253,2025-02-26,Customer_25,North,Fashion,Jeans,1,5000,5000,1205.97
1254,2025-04-15,Customer_53,West,Grocery,Sugar,4,500,2000,300.41
1255,2025-12-06,Customer_62,West,Electronics,Smartphone,5,500,2500,438.38
1256,2025-07-01,Customer_87,East,Furniture,Table,4,5000,20000,2763.91
1257,2025-04-26,Customer_39,East,Grocery,Oil,2,1000,2000,349.75
1258,2025-05-21,Customer_37,North,Fashion,Jacket,3,2500,7500,1044.72
1259,2025-05-28,Customer_92,North,Grocery,Tea,3,500,1500,194.07
1260,2025-04-14,Customer_69,East,Furniture,Bed,3,10000,30000,4843.3
1261,2025-05-03,Customer_32,North,Furniture,Table,1,5000,5000,1029.76
1262,2025-08-30,Customer_13,South,Fashion,Jeans,1,250,250,37.57
1263,2025-09-01,Customer_62,South,Electronics,Smartphone,4,10000,40000,9558.22
1264,2025-02-15,Customer_84,South,Furniture,Sofa,3,10000,30000,2701.73
1265,2025-01-19,Customer_51,West,Electronics,Smartphone,4,500,2000,477.53
1266,2025-11-05,Customer_14,East,Fashion,Shoes,1,250,250,32.68
1267,2025-03-10,Customer_65,West,Furniture,Bed,5,5000,25000,4099.13
1268,2025-08-23,Customer_83,East,Furniture,Table,1,1000,1000,107.62
1269,2025-04-09,Customer_23,West,Fashion,T-Shirt,3,1000,3000,529.57
1270,2025-04-05,Customer_18,West,Grocery,Sugar,1,2500,2500,484.43
1271,2025-08-17,Customer_97,East,Furniture,Table,1,1000,1000,145.21
1272,2025-05-14,Customer_84,East,Furniture,Sofa,5,10000,50000,8869.46
1273,2025-07-27,Customer_88,East,Fashion,T-Shirt,1,2500,2500,330.39
1274,2025-03-10,Customer_62,South,Electronics,Headphones,3,5000,15000,1763.17
1275,2025-08-30,Customer_97,South,Grocery,Sugar,4,10000,40000,6934.79
1276,2025-07-05,Customer_10,North,Fashion,T-Shirt,5,2500,12500,2122.37
1277,2025-06-17,Customer_67,West,Electronics,Smartphone,5,5000,25000,2636.87
1278,2025-09-19,Customer_58,North,Electronics,Smartphone,5,2500,12500,1193.25
1279,2025-01-30,Customer_72,West,Grocery,Oil,5,2500,12500,1970.7
1280,2025-04-22,Customer_75,North,Furniture,Chair,4,1000,4000,875.19
1281,2025-01-31,Customer_9,West,Electronics,Smartwatch,3,10000,30000,2725.18
1282,2025-11-25,Customer_94,West,Electronics,Headphones,4,500,2000,421.45
1283,2025-12-16,Customer_85,South,Furniture,Bed,4,2500,10000,1438.6
1284,2025-03-07,Customer_94,South,Furniture,Chair,2,5000,10000,1468.2
1285,2025-10-06,Customer_55,West,Electronics,Laptop,3,2500,7500,1458.71
1286,2025-04-07,Customer_93,North,Fashion,Jeans,4,1000,4000,425.48
1287,2025-02-04,Customer_13,North,Electronics,Smartwatch,5,250,1250,151.14
1288,2025-08-13,Customer_30,South,Grocery,Rice,2,10000,20000,1750.4
1289,2025-10-22,Customer_41,East,Electronics,Smartphone,5,1000,5000,599.04
1290,2025-07-31,Customer_39,East,Fashion,Shoes,2,10000,20000,3372.25
1291,2025-06-26,Customer_83,West,Electronics,Smartphone,4,5000,20000,3285.11
1292,2025-04-05,Customer_97,West,Furniture,Bed,4,500,2000,261.96
1293,2025-08-26,Customer_8,West,Fashion,Jeans,3,10000,30000,3136.19
1294,2025-06-19,Customer_83,North,Grocery,Oil,4,500,2000,246.7
1295,2025-04-08,Customer_7,East,Grocery,Sugar,1,5000,5000,1015.9
1296,2025-10-28,Customer_93,South,Grocery,Rice,1,500,500,108.4
1297,2025-01-08,Customer_28,South,Grocery,Oil,3,1000,3000,728.08
1298,2025-04-15,Customer_51,South,Electronics,Smartwatch,2,10000,20000,3654.97
1299,2025-07-03,Customer_40,East,Furniture,Sofa,4,2500,10000,1707.21
1300,2025-08-29,Customer_98,East,Furniture,Bed,4,250,1000,216.48
1301,2025-04-24,Customer_95,South,Fashion,Shoes,3,2500,7500,658.29
1302,2025-08-02,Customer_38,South,Electronics,Headphones,5,5000,25000,4461.36
1303,2025-05-06,Customer_64,East,Fashion,Shoes,2,2500,5000,884.32
1304,2025-06-30,Customer_22,South,Furniture,Bed,4,2500,10000,1086.0
1305,2025-09-26,Customer_5,North,Grocery,Oil,5,10000,50000,12136.51
1306,2025-04-29,Customer_9,South,Electronics,Laptop,4,500,2000,446.47
1307,2025-11-13,Customer_82,West,Electronics,Smartphone,5,2500,12500,1793.05
1308,2025-01-07,Customer_3,East,Grocery,Rice,1,5000,5000,868.9
1309,2025-04-02,Customer_14,North,Furniture,Chair,5,10000,50000,9729.28
1310,2025-07-01,Customer_35,West,Fashion,Jeans,2,5000,10000,1694.98
1311,2025-12-23,Customer_29,East,Electronics,Headphones,4,2500,10000,1760.5
1312,2025-10-10,Customer_61,North,Electronics,Laptop,1,2500,2500,361.19
1313,2025-11-27,Customer_43,North,Electronics,Smartphone,1,2500,2500,559.27
1314,2025-09-01,Customer_35,North,Electronics,Smartphone,2,10000,20000,4617.68
1315,2025-04-02,Customer_41,North,Electronics,Headphones,5,5000,25000,4796.96
1316,2025-10-16,Customer_31,West,Fashion,Jeans,4,250,1000,130.88
1317,2025-09-14,Customer_96,East,Furniture,Bed,2,10000,20000,4062.16
1318,2025-06-24,Customer_78,West,Electronics,Laptop,4,500,2000,445.15
1319,2025-07-02,Customer_71,West,Furniture,Chair,3,2500,7500,1225.52
1320,2025-11-13,Customer_38,South,Grocery,Oil,5,10000,50000,7230.62
1321,2025-11-21,Customer_20,West,Electronics,Laptop,3,500,1500,216.9
1322,2025-06-07,Customer_57,East,Furniture,Sofa,1,250,250,20.22
1323,2025-08-18,Customer_72,West,Furniture,Chair,2,250,500,55.93
1324,2025-11-02,Customer_77,East,Electronics,Laptop,1,1000,1000,174.22
1325,2025-02-13,Customer_93,South,Grocery,Rice,3,2500,7500,1094.44
1326,2025-05-18,Customer_64,South,Fashion,Jacket,2,500,1000,125.72
1327,2025-09-05,Customer_10,East,Electronics,Smartphone,4,1000,4000,606.35
1328,2025-08-23,Customer_14,South,Furniture,Table,4,5000,20000,3696.67
1329,2025-07-14,Customer_43,West,Furniture,Chair,4,1000,4000,892.3
1330,2025-11-05,Customer_89,South,Furniture,Bed,5,500,2500,327.68
1331,2025-05-30,Customer_95,West,Grocery,Sugar,2,2500,5000,1223.42
1332,2025-07-21,Customer_47,North,Fashion,Shoes,4,1000,4000,875.22
1333,2025-08-25,Customer_91,South,Fashion,Jeans,5,250,1250,302.51
1334,2025-03-13,Customer_82,East,Grocery,Sugar,1,2500,2500,486.02
1335,2025-07-13,Customer_10,West,Fashion,Shoes,2,10000,20000,3038.64
1336,2025-12-21,Customer_54,North,Grocery,Tea,5,5000,25000,5924.86
1337,2025-07-01,Customer_22,North,Furniture,Chair,1,500,500,95.9
1338,2025-05-13,Customer_29,South,Grocery,Sugar,4,250,1000,81.79
1339,2025-10-29,Customer_89,South,Grocery,Sugar,4,2500,10000,2112.98
1340,2025-02-13,Customer_15,South,Furniture,Chair,4,250,1000,130.22
1341,2025-09-24,Customer_62,East,Furniture,Sofa,3,2500,7500,1599.94
1342,2025-06-13,Customer_9,East,Grocery,Rice,4,10000,40000,7937.99
1343,2025-12-13,Customer_22,South,Electronics,Laptop,1,1000,1000,190.15
1344,2025-08-25,Customer_30,West,Fashion,Jeans,3,5000,15000,2287.24
1345,2025-11-11,Customer_26,West,Fashion,Jeans,4,2500,10000,849.63
1346,2025-05-23,Customer_97,North,Grocery,Tea,1,10000,10000,1165.15
1347,2025-02-28,Customer_34,West,Electronics,Smartphone,3,1000,3000,340.51
1348,2025-06-28,Customer_46,West,Furniture,Bed,5,2500,12500,2247.39
1349,2025-03-10,Customer_41,North,Fashion,Shoes,5,5000,25000,2360.2
1350,2025-03-14,Customer_66,West,Fashion,Shoes,1,500,500,71.73
1351,2025-09-07,Customer_82,South,Grocery,Oil,5,2500,12500,1898.96
1352,2025-08-19,Customer_80,North,Fashion,Jacket,3,500,1500,167.71
1353,2025-07-16,Customer_72,West,Furniture,Chair,4,500,2000,226.34
1354,2025-09-08,Customer_22,North,Grocery,Tea,4,10000,40000,8911.26
1355,2025-10-03,Customer_37,South,Electronics,Smartphone,3,250,750,95.04
1356,2025-02-28,Customer_35,East,Grocery,Tea,5,5000,25000,2481.15
1357,2025-02-22,Customer_95,South,Electronics,Smartwatch,5,500,2500,620.65
1358,2025-02-14,Customer_57,North,Furniture,Chair,4,1000,4000,557.03
1359,2025-12-30,Customer_79,West,Fashion,Jeans,5,10000,50000,6980.36
1360,2025-10-19,Customer_45,East,Fashion,Jeans,2,500,1000,216.92
1361,2025-09-21,Customer_87,North,Fashion,Shoes,3,1000,3000,532.1
1362,2025-03-06,Customer_90,South,Fashion,Jacket,1,1000,1000,227.4
1363,2025-12-13,Customer_51,West,Fashion,Jeans,3,500,1500,314.18
1364,2025-11-21,Customer_99,North,Fashion,Shoes,4,2500,10000,1568.39
1365,2025-06-17,Customer_75,North,Grocery,Sugar,3,2500,7500,1811.57
1366,2025-07-23,Customer_28,West,Electronics,Smartwatch,3,250,750,161.45
1367,2025-06-22,Customer_71,South,Fashion,Jacket,3,1000,3000,662.46
1368,2025-08-24,Customer_3,North,Grocery,Sugar,1,250,250,24.23
1369,2025-08-08,Customer_26,South,Fashion,Jacket,4,250,1000,248.61
1370,2025-05-09,Customer_11,East,Furniture,Table,3,250,750,143.46
1371,2025-12-25,Customer_97,South,Fashion,T-Shirt,4,10000,40000,5277.46
1372,2025-02-09,Customer_17,South,Grocery,Rice,1,250,250,29.07
1373,2025-03-03,Customer_55,South,Grocery,Rice,1,10000,10000,1384.08
1374,2025-02-22,Customer_14,East,Grocery,Rice,2,2500,5000,475.93
1375,2025-03-10,Customer_83,South,Furniture,Sofa,2,2500,5000,1057.44
1376,2025-06-29,Customer_93,South,Electronics,Laptop,5,10000,50000,5394.99
1377,2025-04-22,Customer_12,North,Fashion,Jacket,5,10000,50000,7760.26
1378,2025-08-08,Customer_41,South,Fashion,T-Shirt,5,10000,50000,7264.27
1379,2025-11-04,Customer_93,East,Fashion,Shoes,1,500,500,87.04
1380,2025-04-07,Customer_96,West,Electronics,Headphones,2,5000,10000,1831.78
1381,2025-05-04,Customer_64,North,Furniture,Chair,2,2500,5000,728.0
1382,2025-10-19,Customer_54,East,Electronics,Headphones,3,500,1500,218.64
1383,2025-01-08,Customer_34,South,Fashion,Jacket,1,250,250,44.96
1384,2025-12-31,Customer_65,West,Electronics,Laptop,4,5000,20000,2574.06
1385,2025-11-12,Customer_20,East,Grocery,Tea,1,10000,10000,1712.16
1386,2025-03-21,Customer_69,East,Electronics,Headphones,1,5000,5000,1182.79
1387,2025-05-03,Customer_8,South,Grocery,Rice,3,10000,30000,4631.18
1388,2025-01-29,Customer_40,South,Electronics,Smartwatch,1,2500,2500,460.23
1389,2025-09-12,Customer_45,East,Electronics,Laptop,2,10000,20000,1638.59
1390,2025-05-18,Customer_94,North,Fashion,Shoes,2,10000,20000,4255.82
1391,2025-05-15,Customer_92,North,Electronics,Headphones,4,1000,4000,676.22
1392,2025-10-18,Customer_22,East,Grocery,Tea,5,1000,5000,447.12
1393,2025-03-01,Customer_30,North,Fashion,Shoes,1,5000,5000,973.0
1394,2025-07-16,Customer_20,South,Electronics,Laptop,2,250,500,80.1
1395,2025-06-13,Customer_35,North,Electronics,Smartwatch,2,1000,2000,244.41
1396,2025-04-02,Customer_29,North,Furniture,Chair,5,10000,50000,11666.5
1397,2025-06-09,Customer_42,North,Grocery,Rice,4,1000,4000,846.0
1398,2025-06-05,Customer_95,South,Grocery,Rice,3,500,1500,194.36
1399,2025-04-11,Customer_94,South,Grocery,Sugar,5,2500,12500,3120.3
1400,2025-06-27,Customer_82,North,Fashion,T-Shirt,4,250,1000,119.61
1401,2025-02-23,Customer_27,South,Furniture,Chair,4,10000,40000,8145.06
1402,2025-02-17,Customer_6,South,Grocery,Tea,1,500,500,100.49
1403,2025-02-18,Customer_65,South,Grocery,Sugar,4,10000,40000,3777.34
1404,2025-12-06,Customer_17,South,Grocery,Rice,5,5000,25000,2264.7
1405,2025-06-17,Customer_41,West,Furniture,Sofa,3,2500,7500,1493.43
1406,2025-10-27,Customer_14,South,Furniture,Table,1,500,500,51.57
1407,2025-03-03,Customer_69,East,Electronics,Smartphone,4,2500,10000,1333.86
1408,2025-03-03,Customer_12,South,Fashion,Jacket,3,2500,7500,937.89
1409,2025-12-31,Customer_32,East,Furniture,Chair,2,1000,2000,210.43
1410,2025-03-31,Customer_4,West,Grocery,Rice,3,1000,3000,658.25
1411,2025-03-13,Customer_16,North,Grocery,Oil,1,2500,2500,243.31
1412,2025-07-10,Customer_88,North,Electronics,Smartphone,2,500,1000,220.02
1413,2025-11-27,Customer_57,South,Furniture,Chair,1,250,250,28.4
1414,2025-01-26,Customer_22,West,Electronics,Headphones,1,250,250,60.05
1415,2025-03-30,Customer_46,South,Grocery,Tea,1,2500,2500,490.37
1416,2025-01-18,Customer_79,South,Fashion,Shoes,3,2500,7500,1726.37
1417,2025-02-14,Customer_36,West,Furniture,Bed,4,5000,20000,3228.71
1418,2025-09-27,Customer_32,North,Fashion,Jacket,2,10000,20000,4607.82
1419,2025-06-26,Customer_73,East,Grocery,Sugar,4,5000,20000,4256.88
1420,2025-04-23,Customer_4,East,Grocery,Sugar,2,250,500,67.1
1421,2025-04-30,Customer_21,North,Electronics,Smartwatch,5,1000,5000,1051.82
1422,2025-01-29,Customer_98,South,Fashion,Jeans,3,5000,15000,3281.53
1423,2025-06-12,Customer_95,East,Grocery,Sugar,2,500,1000,120.21
1424,2025-04-07,Customer_64,East,Electronics,Headphones,5,5000,25000,2603.93
1425,2025-11-05,Customer_29,North,Fashion,Jacket,1,250,250,22.39
1426,2025-03-08,Customer_44,South,Grocery,Rice,3,5000,15000,1713.73
1427,2025-03-14,Customer_100,North,Furniture,Chair,1,500,500,89.86
1428,2025-07-22,Customer_76,North,Furniture,Chair,3,10000,30000,7203.81
1429,2025-08-12,Customer_82,West,Furniture,Sofa,3,500,1500,368.84
1430,2025-11-11,Customer_46,South,Furniture,Table,5,10000,50000,11561.6
1431,2025-03-07,Customer_23,North,Fashion,Jacket,3,10000,30000,5911.34
1432,2025-11-10,Customer_29,North,Grocery,Rice,2,5000,10000,1340.97
1433,2025-06-27,Customer_41,South,Grocery,Oil,3,10000,30000,2796.81
1434,2025-05-08,Customer_89,North,Electronics,Headphones,4,250,1000,125.09
1435,2025-07-17,Customer_57,West,Furniture,Sofa,1,10000,10000,802.18
1436,2025-07-12,Customer_13,West,Fashion,Jacket,4,2500,10000,1397.09
1437,2025-01-18,Customer_38,North,Fashion,Jeans,4,250,1000,215.86
1438,2025-07-12,Customer_21,North,Furniture,Sofa,1,250,250,34.53
1439,2025-12-27,Customer_4,West,Electronics,Headphones,5,5000,25000,5796.21
1440,2025-04-16,Customer_25,West,Fashion,Jacket,2,250,500,48.61
1441,2025-07-21,Customer_74,West,Furniture,Sofa,3,500,1500,144.46
1442,2025-05-31,Customer_85,West,Fashion,T-Shirt,3,250,750,114.52
1443,2025-05-30,Customer_11,West,Fashion,T-Shirt,1,500,500,54.52
1444,2025-12-05,Customer_34,North,Electronics,Headphones,4,2500,10000,1631.46
1445,2025-08-17,Customer_6,East,Grocery,Oil,3,2500,7500,1070.99
1446,2025-10-16,Customer_8,South,Grocery,Tea,3,500,1500,333.46
1447,2025-10-29,Customer_30,North,Electronics,Laptop,3,5000,15000,2255.67
1448,2025-09-01,Customer_74,South,Grocery,Tea,5,10000,50000,11368.6
1449,2025-01-18,Customer_65,South,Grocery,Sugar,1,2500,2500,583.68
1450,2025-04-09,Customer_17,North,Electronics,Smartwatch,2,500,1000,245.27
1451,2025-11-18,Customer_19,East,Grocery,Rice,4,500,2000,499.07
1452,2025-10-10,Customer_42,East,Furniture,Chair,1,2500,2500,436.45
1453,2025-08-03,Customer_15,West,Grocery,Rice,5,5000,25000,4220.89
1454,2025-02-21,Customer_14,North,Fashion,Jeans,5,5000,25000,4476.38
1455,2025-09-06,Customer_74,West,Furniture,Sofa,4,1000,4000,580.47
1456,2025-11-08,Customer_88,West,Electronics,Smartphone,3,2500,7500,783.41
1457,2025-09-01,Customer_35,East,Electronics,Smartwatch,3,10000,30000,3611.65
1458,2025-09-09,Customer_90,North,Electronics,Headphones,3,1000,3000,382.98
1459,2025-06-14,Customer_35,West,Fashion,Jeans,3,10000,30000,4659.86
1460,2025-07-28,Customer_95,West,Electronics,Smartphone,4,500,2000,470.57
1461,2025-12-30,Customer_65,West,Furniture,Chair,5,500,2500,227.89
1462,2025-04-13,Customer_8,South,Fashion,T-Shirt,2,500,1000,228.78
1463,2025-05-21,Customer_48,West,Electronics,Smartwatch,1,1000,1000,199.79
1464,2025-11-01,Customer_58,South,Grocery,Rice,1,500,500,71.66
1465,2025-05-13,Customer_96,North,Grocery,Sugar,3,500,1500,333.6
1466,2025-10-20,Customer_100,South,Furniture,Chair,4,250,1000,107.69
1467,2025-09-20,Customer_3,North,Fashion,Jeans,2,1000,2000,381.54
1468,2025-04-25,Customer_33,East,Grocery,Oil,2,5000,10000,2161.47
1469,2025-04-22,Customer_60,East,Furniture,Bed,4,1000,4000,632.12
1470,2025-07-11,Customer_72,East,Grocery,Rice,1,5000,5000,1249.51
1471,2025-05-22,Customer_82,East,Furniture,Chair,4,250,1000,137.17
1472,2025-05-04,Customer_8,West,Furniture,Sofa,3,500,1500,158.23
1473,2025-06-01,Customer_34,West,Furniture,Table,1,10000,10000,1645.53
1474,2025-10-20,Customer_25,East,Grocery,Tea,1,5000,5000,1001.86
1475,2025-03-29,Customer_85,South,Fashion,Jacket,3,5000,15000,1965.5
1476,2025-10-14,Customer_98,South,Furniture,Chair,4,500,2000,411.91
1477,2025-06-07,Customer_54,East,Furniture,Chair,2,1000,2000,235.93
1478,2025-03-02,Customer_61,North,Furniture,Sofa,5,1000,5000,794.2
1479,2025-12-15,Customer_49,East,Electronics,Smartwatch,2,5000,10000,1003.69
1480,2025-06-25,Customer_53,West,Grocery,Rice,2,500,1000,248.7
1481,2025-11-20,Customer_23,East,Fashion,Shoes,2,250,500,81.44
1482,2025-03-28,Customer_74,South,Electronics,Laptop,4,1000,4000,462.38
1483,2025-08-08,Customer_52,West,Grocery,Rice,2,5000,10000,1537.31
1484,2025-07-11,Customer_2,East,Grocery,Tea,1,250,250,42.69
1485,2025-04-26,Customer_89,East,Fashion,T-Shirt,1,10000,10000,2047.13
1486,2025-06-06,Customer_22,North,Furniture,Table,1,2500,2500,413.92
1487,2025-11-02,Customer_68,East,Electronics,Headphones,3,2500,7500,1527.99
1488,2025-04-07,Customer_22,West,Grocery,Oil,3,2500,7500,1058.04
1489,2025-04-19,Customer_94,North,Electronics,Smartphone,2,10000,20000,4948.59
1490,2025-01-20,Customer_49,East,Fashion,T-Shirt,3,10000,30000,5717.76
1491,2025-01-25,Customer_89,North,Electronics,Laptop,1,10000,10000,2221.4
1492,2025-08-31,Customer_90,South,Grocery,Tea,4,250,1000,173.04
1493,2025-12-06,Customer_67,East,Fashion,T-Shirt,3,2500,7500,1443.62
1494,2025-03-02,Customer_37,North,Fashion,Jacket,1,5000,5000,1010.95
1495,2025-05-15,Customer_67,South,Electronics,Smartwatch,2,5000,10000,1139.57
1496,2025-09-12,Customer_27,West,Furniture,Bed,3,500,1500,130.05
1497,2025-02-26,Customer_74,West,Furniture,Table,1,250,250,48.54
1498,2025-02-21,Customer_33,South,Fashion,T-Shirt,5,250,1250,253.76
1499,2025-03-31,Customer_6,East,Grocery,Sugar,3,2500,7500,663.85
1500,2025-01-24,Customer_2,South,Furniture,Sofa,4,10000,40000,3988.13
1501,2025-05-18,Customer_94,North,Fashion,Shoes,3,2500,7500,1817.74
1502,2025-08-22,Customer_35,West,Furniture,Sofa,2,250,500,74.07
1503,2025-01-31,Customer_21,North,Grocery,Tea,2,250,500,51.26
1504,2025-11-09,Customer_49,East,Grocery,Tea,5,10000,50000,7724.38
1505,2025-07-30,Customer_57,North,Electronics,Smartphone,4,2500,10000,991.99
1506,2025-12-14,Customer_68,South,Electronics,Headphones,3,250,750,149.83
1507,2025-09-04,Customer_45,West,Furniture,Chair,4,10000,40000,8141.23
1508,2025-09-16,Customer_61,West,Fashion,T-Shirt,1,10000,10000,2388.43
1509,2025-05-23,Customer_7,South,Fashion,T-Shirt,4,1000,4000,483.81
1510,2025-10-21,Customer_58,North,Grocery,Tea,2,250,500,79.02
1511,2025-12-01,Customer_3,North,Grocery,Tea,3,250,750,185.04
1512,2025-02-16,Customer_78,East,Grocery,Tea,1,5000,5000,866.73
1513,2025-04-25,Customer_59,East,Fashion,Jacket,3,1000,3000,660.91
1514,2025-12-04,Customer_29,North,Grocery,Sugar,4,250,1000,96.56
1515,2025-12-26,Customer_14,North,Furniture,Sofa,3,5000,15000,2531.06
1516,2025-07-29,Customer_14,East,Fashion,Jacket,2,10000,20000,4124.54
1517,2025-04-08,Customer_92,East,Fashion,Jeans,1,2500,2500,291.63
1518,2025-10-29,Customer_16,West,Electronics,Smartwatch,1,10000,10000,2223.69
1519,2025-01-25,Customer_71,West,Grocery,Oil,4,250,1000,170.16
1520,2025-03-07,Customer_14,West,Grocery,Oil,5,500,2500,510.46
1521,2025-05-08,Customer_36,West,Furniture,Bed,4,5000,20000,4714.09
1522,2025-11-05,Customer_90,East,Furniture,Sofa,4,500,2000,206.98
1523,2025-05-29,Customer_88,East,Furniture,Table,2,500,1000,186.11
1524,2025-06-15,Customer_91,North,Fashion,Jeans,5,5000,25000,4950.83
1525,2025-12-30,Customer_54,East,Furniture,Bed,5,5000,25000,6006.36
1526,2025-03-16,Customer_7,North,Grocery,Rice,5,250,1250,105.37
1527,2025-03-16,Customer_8,East,Fashion,Shoes,2,1000,2000,392.35
1528,2025-12-12,Customer_95,South,Fashion,T-Shirt,3,2500,7500,730.66
1529,2025-12-07,Customer_7,West,Grocery,Oil,5,10000,50000,6444.93
1530,2025-05-09,Customer_26,West,Grocery,Tea,3,5000,15000,1337.2
1531,2025-04-11,Customer_100,South,Fashion,Shoes,5,5000,25000,5138.41
1532,2025-03-30,Customer_95,North,Furniture,Bed,2,10000,20000,1853.19
1533,2025-03-08,Customer_21,East,Grocery,Rice,4,1000,4000,698.49
1534,2025-01-21,Customer_20,East,Electronics,Headphones,4,10000,40000,9574.96
1535,2025-02-07,Customer_91,East,Electronics,Headphones,4,5000,20000,3470.54
1536,2025-03-23,Customer_54,West,Fashion,Jeans,5,250,1250,267.08
1537,2025-06-19,Customer_47,East,Electronics,Headphones,2,500,1000,192.77
1538,2025-12-09,Customer_45,West,Fashion,Jacket,5,10000,50000,4074.83
1539,2025-07-15,Customer_15,West,Fashion,Jeans,1,10000,10000,2305.62
1540,2025-07-11,Customer_66,West,Furniture,Sofa,1,5000,5000,1098.79
1541,2025-09-21,Customer_11,North,Grocery,Rice,3,10000,30000,3381.81
1542,2025-04-20,Customer_88,West,Fashion,T-Shirt,1,500,500,96.98
1543,2025-08-11,Customer_83,North,Electronics,Smartphone,5,10000,50000,11468.42
1544,2025-02-14,Customer_10,North,Fashion,T-Shirt,4,10000,40000,5455.66
1545,2025-04-27,Customer_34,West,Fashion,Shoes,5,250,1250,222.18
1546,2025-07-19,Customer_87,North,Grocery,Tea,4,2500,10000,1337.89
1547,2025-02-07,Customer_46,North,Electronics,Laptop,5,250,1250,248.94
1548,2025-08-13,Customer_49,West,Furniture,Sofa,5,250,1250,159.82
1549,2025-07-20,Customer_70,East,Electronics,Smartwatch,2,5000,10000,1173.77
1550,2025-10-12,Customer_19,North,Fashion,Shoes,3,250,750,130.57
1551,2025-10-08,Customer_11,East,Electronics,Laptop,5,5000,25000,3674.85
1552,2025-09-20,Customer_19,South,Fashion,Shoes,2,2500,5000,1169.78
1553,2025-04-03,Customer_86,North,Fashion,Jeans,5,1000,5000,565.18
1554,2025-02-20,Customer_26,West,Grocery,Rice,3,10000,30000,2743.55
1555,2025-02-21,Customer_37,North,Furniture,Sofa,2,10000,20000,3828.61
1556,2025-12-04,Customer_40,South,Fashion,Shoes,4,2500,10000,1358.19
1557,2025-05-07,Customer_29,West,Furniture,Sofa,4,500,2000,161.64
1558,2025-09-03,Customer_60,West,Furniture,Sofa,2,10000,20000,4092.11
1559,2025-11-27,Customer_78,North,Furniture,Sofa,4,5000,20000,1970.03
1560,2025-11-17,Customer_10,North,Furniture,Table,5,500,2500,311.87
1561,2025-10-30,Customer_28,North,Electronics,Laptop,5,5000,25000,3721.82
1562,2025-10-29,Customer_94,East,Furniture,Bed,2,1000,2000,293.45
1563,2025-07-06,Customer_65,North,Fashion,Jacket,5,5000,25000,2384.85
1564,2025-04-02,Customer_73,South,Fashion,Jeans,5,500,2500,389.64
1565,2025-04-29,Customer_9,East,Grocery,Sugar,1,500,500,104.73
1566,2025-07-04,Customer_50,West,Furniture,Table,1,10000,10000,1151.52
1567,2025-12-27,Customer_67,East,Grocery,Rice,1,10000,10000,1350.92
1568,2025-10-28,Customer_84,North,Furniture,Table,4,10000,40000,5773.93
1569,2025-06-26,Customer_63,West,Furniture,Bed,2,5000,10000,1489.93
1570,2025-09-21,Customer_83,East,Electronics,Smartphone,4,500,2000,238.2
1571,2025-03-02,Customer_85,South,Fashion,Jeans,2,500,1000,141.58
1572,2025-09-03,Customer_27,South,Grocery,Sugar,1,2500,2500,486.97
1573,2025-10-31,Customer_21,South,Grocery,Rice,2,250,500,50.87
1574,2025-04-03,Customer_67,West,Electronics,Smartphone,1,500,500,61.95
1575,2025-08-30,Customer_62,South,Electronics,Headphones,1,500,500,78.18
1576,2025-04-04,Customer_80,East,Fashion,Jacket,5,500,2500,537.71
1577,2025-04-28,Customer_49,West,Fashion,Shoes,4,5000,20000,3608.03
1578,2025-09-16,Customer_88,West,Fashion,T-Shirt,1,500,500,84.43
1579,2025-11-04,Customer_5,North,Fashion,T-Shirt,2,2500,5000,1166.37
1580,2025-01-01,Customer_100,West,Electronics,Smartwatch,2,5000,10000,1716.79
1581,2025-04-28,Customer_62,West,Grocery,Sugar,1,10000,10000,1700.69
1582,2025-04-30,Customer_11,East,Furniture,Chair,4,500,2000,246.54
1583,2025-01-04,Customer_74,North,Grocery,Sugar,2,250,500,100.28
1584,2025-07-29,Customer_47,North,Electronics,Smartwatch,2,10000,20000,4334.58
1585,2025-10-02,Customer_55,East,Fashion,Jacket,5,1000,5000,622.11
1586,2025-10-13,Customer_62,South,Furniture,Bed,2,2500,5000,869.29
1587,2025-12-28,Customer_51,South,Furniture,Bed,3,1000,3000,534.6
1588,2025-02-21,Customer_28,West,Electronics,Smartphone,4,10000,40000,9654.87
1589,2025-01-03,Customer_12,South,Furniture,Chair,2,2500,5000,1219.88
1590,2025-07-09,Customer_11,North,Grocery,Tea,1,250,250,31.18
1591,2025-12-31,Customer_77,North,Grocery,Tea,5,10000,50000,8428.55
1592,2025-12-03,Customer_67,East,Fashion,Jacket,4,250,1000,114.29
1593,2025-04-29,Customer_79,South,Fashion,T-Shirt,5,5000,25000,4192.21
1594,2025-03-22,Customer_12,East,Electronics,Headphones,2,10000,20000,1600.98
1595,2025-09-23,Customer_2,North,Grocery,Sugar,4,2500,10000,1796.34
1596,2025-05-22,Customer_29,South,Electronics,Headphones,5,5000,25000,3479.4
1597,2025-07-28,Customer_65,North,Grocery,Tea,5,250,1250,155.49
1598,2025-05-12,Customer_69,East,Electronics,Headphones,3,250,750,162.38
1599,2025-06-23,Customer_100,West,Grocery,Tea,5,2500,12500,2636.18
1600,2025-07-15,Customer_82,South,Grocery,Rice,4,250,1000,123.83
1601,2025-01-05,Customer_90,East,Fashion,Shoes,4,1000,4000,671.22
1602,2025-06-25,Customer_10,South,Fashion,Shoes,1,2500,2500,486.32
1603,2025-05-18,Customer_24,South,Grocery,Sugar,3,500,1500,348.05
1604,2025-05-16,Customer_27,South,Grocery,Oil,2,10000,20000,2422.99
1605,2025-02-24,Customer_16,North,Fashion,Jeans,5,1000,5000,532.6
1606,2025-07-10,Customer_80,East,Grocery,Rice,5,250,1250,280.2
1607,2025-09-19,Customer_36,West,Grocery,Sugar,4,500,2000,494.69
1608,2025-09-02,Customer_70,North,Fashion,Jeans,1,5000,5000,1079.38
1609,2025-12-24,Customer_67,West,Furniture,Bed,2,2500,5000,1230.03
1610,2025-10-25,Customer_13,East,Furniture,Chair,1,10000,10000,1158.28
1611,2025-05-18,Customer_61,East,Furniture,Sofa,2,5000,10000,1246.84
1612,2025-12-25,Customer_97,East,Furniture,Table,4,2500,10000,1157.91
1613,2025-03-09,Customer_74,South,Furniture,Bed,3,2500,7500,829.36
1614,2025-07-15,Customer_26,South,Electronics,Headphones,2,5000,10000,1534.77
1615,2025-03-10,Customer_81,East,Fashion,Jacket,1,500,500,75.83
1616,2025-01-25,Customer_51,North,Grocery,Sugar,3,5000,15000,3389.18
1617,2025-11-19,Customer_13,West,Fashion,T-Shirt,2,1000,2000,322.02
1618,2025-05-12,Customer_45,North,Furniture,Sofa,3,1000,3000,525.78
1619,2025-04-12,Customer_74,South,Grocery,Rice,3,10000,30000,7311.89
1620,2025-08-17,Customer_11,West,Furniture,Sofa,3,10000,30000,5003.27
1621,2025-06-22,Customer_54,West,Furniture,Bed,2,500,1000,188.9
1622,2025-06-12,Customer_84,East,Electronics,Laptop,2,1000,2000,237.59
1623,2025-07-05,Customer_96,West,Furniture,Bed,3,2500,7500,1595.74
1624,2025-05-01,Customer_85,East,Grocery,Oil,2,250,500,50.63
1625,2025-02-02,Customer_61,North,Electronics,Smartphone,2,2500,5000,487.56
1626,2025-11-13,Customer_20,North,Electronics,Smartwatch,5,250,1250,122.08
1627,2025-08-15,Customer_81,South,Grocery,Sugar,2,500,1000,205.39
1628,2025-06-16,Customer_61,West,Fashion,Jeans,1,250,250,48.2
1629,2025-10-30,Customer_77,West,Furniture,Bed,2,10000,20000,3433.58
1630,2025-02-15,Customer_57,East,Grocery,Sugar,3,2500,7500,1288.08
1631,2025-01-01,Customer_67,South,Furniture,Bed,3,500,1500,197.41
1632,2025-09-09,Customer_97,West,Furniture,Sofa,4,5000,20000,1628.28
1633,2025-01-04,Customer_71,East,Furniture,Chair,4,1000,4000,725.96
1634,2025-03-25,Customer_92,West,Fashion,Jacket,5,2500,12500,1838.85
1635,2025-05-03,Customer_67,East,Grocery,Oil,3,250,750,113.84
1636,2025-04-04,Customer_18,East,Furniture,Sofa,4,500,2000,450.18
1637,2025-11-15,Customer_63,South,Electronics,Smartwatch,5,2500,12500,1578.29
1638,2025-01-12,Customer_24,North,Furniture,Chair,2,250,500,122.43
1639,2025-01-05,Customer_30,North,Furniture,Sofa,2,10000,20000,3090.62
1640,2025-06-09,Customer_64,East,Fashion,T-Shirt,4,500,2000,276.25
1641,2025-03-16,Customer_8,East,Grocery,Rice,3,250,750,167.55
1642,2025-05-09,Customer_49,North,Grocery,Rice,5,2500,12500,1385.91
1643,2025-01-18,Customer_26,West,Electronics,Smartphone,4,2500,10000,1220.18
1644,2025-06-09,Customer_42,South,Electronics,Smartphone,4,2500,10000,1958.45
1645,2025-04-12,Customer_47,North,Electronics,Laptop,3,2500,7500,1414.11
1646,2025-01-08,Customer_22,East,Fashion,T-Shirt,2,10000,20000,3076.15
1647,2025-10-25,Customer_89,West,Electronics,Smartwatch,2,250,500,122.35
1648,2025-02-16,Customer_88,East,Fashion,Shoes,1,500,500,53.4
1649,2025-10-02,Customer_14,South,Electronics,Laptop,3,10000,30000,3184.98
1650,2025-06-27,Customer_57,South,Grocery,Oil,3,5000,15000,3210.83
1651,2025-01-21,Customer_63,West,Electronics,Smartwatch,3,10000,30000,3087.13
1652,2025-06-28,Customer_42,West,Furniture,Bed,2,5000,10000,1117.27
1653,2025-06-01,Customer_34,East,Furniture,Table,1,5000,5000,531.77
1654,2025-01-10,Customer_80,East,Grocery,Rice,5,2500,12500,2559.02
1655,2025-07-18,Customer_25,West,Fashion,Shoes,1,10000,10000,2444.18
1656,2025-02-26,Customer_13,North,Fashion,Shoes,3,2500,7500,1417.15
1657,2025-09-06,Customer_25,North,Electronics,Smartphone,2,250,500,57.18
1658,2025-10-30,Customer_33,North,Electronics,Smartwatch,4,5000,20000,3721.5
1659,2025-04-17,Customer_84,West,Furniture,Table,5,10000,50000,4602.43
1660,2025-08-01,Customer_48,North,Electronics,Smartwatch,1,1000,1000,174.86
1661,2025-04-21,Customer_67,North,Furniture,Chair,1,1000,1000,93.25
1662,2025-09-27,Customer_85,South,Electronics,Smartphone,5,2500,12500,1402.6
1663,2025-12-12,Customer_59,West,Fashion,Jacket,1,10000,10000,1780.16
1664,2025-06-22,Customer_85,South,Electronics,Smartphone,2,5000,10000,1482.65
1665,2025-06-16,Customer_48,West,Grocery,Sugar,3,5000,15000,3728.23
1666,2025-04-20,Customer_49,East,Grocery,Sugar,5,500,2500,439.34
1667,2025-01-18,Customer_37,North,Furniture,Bed,4,2500,10000,800.33
1668,2025-04-20,Customer_41,North,Fashion,Shoes,1,1000,1000,247.35
1669,2025-03-21,Customer_18,East,Furniture,Table,1,250,250,39.57
1670,2025-02-17,Customer_74,West,Furniture,Table,2,1000,2000,435.77
1671,2025-12-20,Customer_90,North,Fashion,T-Shirt,3,2500,7500,820.45
1672,2025-01-29,Customer_99,East,Furniture,Chair,5,2500,12500,1166.76
1673,2025-04-27,Customer_96,North,Furniture,Bed,4,250,1000,227.86
1674,2025-10-04,Customer_73,South,Grocery,Rice,3,5000,15000,1305.01
1675,2025-07-21,Customer_58,North,Furniture,Table,2,250,500,97.26
1676,2025-06-22,Customer_11,West,Fashion,Jacket,3,2500,7500,788.72
1677,2025-08-11,Customer_100,South,Electronics,Smartwatch,3,250,750,110.81
1678,2025-11-30,Customer_74,South,Fashion,Jacket,5,500,2500,407.34
1679,2025-06-15,Customer_88,North,Fashion,Jeans,1,1000,1000,212.05
1680,2025-06-14,Customer_45,North,Electronics,Smartwatch,4,1000,4000,556.85
1681,2025-08-15,Customer_80,South,Furniture,Table,3,5000,15000,3295.04
1682,2025-03-21,Customer_97,North,Grocery,Rice,2,500,1000,196.51
1683,2025-05-28,Customer_2,East,Electronics,Laptop,2,5000,10000,2375.44
1684,2025-04-18,Customer_95,South,Electronics,Headphones,4,2500,10000,838.67
1685,2025-03-14,Customer_89,North,Fashion,Shoes,5,2500,12500,2323.96
1686,2025-04-13,Customer_90,East,Grocery,Rice,3,500,1500,135.33
1687,2025-05-19,Customer_85,East,Electronics,Smartwatch,1,250,250,36.52
1688,2025-07-14,Customer_66,North,Electronics,Laptop,3,10000,30000,4371.27
1689,2025-04-12,Customer_65,West,Furniture,Bed,5,5000,25000,2374.09
1690,2025-09-08,Customer_51,South,Electronics,Laptop,2,5000,10000,1318.38
1691,2025-05-01,Customer_65,East,Electronics,Headphones,3,1000,3000,558.87
1692,2025-05-24,Customer_29,South,Electronics,Headphones,4,250,1000,240.5
1693,2025-09-24,Customer_87,South,Furniture,Bed,2,250,500,102.04
1694,2025-06-09,Customer_78,East,Grocery,Oil,5,500,2500,381.25
1695,2025-10-05,Customer_88,South,Grocery,Oil,2,10000,20000,2071.16
1696,2025-03-16,Customer_84,South,Fashion,Shoes,5,500,2500,382.78
1697,2025-03-02,Customer_24,East,Furniture,Chair,5,5000,25000,6031.56
1698,2025-06-05,Customer_57,East,Fashion,T-Shirt,3,2500,7500,1825.53
1699,2025-11-10,Customer_79,East,Fashion,Jeans,1,500,500,55.7
1700,2025-02-10,Customer_89,West,Fashion,Jeans,2,10000,20000,1688.69
1701,2025-09-09,Customer_61,South,Fashion,Jacket,3,500,1500,337.29
1702,2025-01-08,Customer_35,West,Fashion,Jeans,2,250,500,74.73
1703,2025-08-13,Customer_79,West,Fashion,Jeans,2,250,500,55.05
1704,2025-01-22,Customer_78,West,Furniture,Bed,2,2500,5000,744.14
1705,2025-10-02,Customer_68,North,Furniture,Bed,5,10000,50000,8861.44
1706,2025-05-06,Customer_67,West,Electronics,Smartwatch,4,250,1000,229.22
1707,2025-04-08,Customer_38,West,Electronics,Smartwatch,5,10000,50000,12182.03
1708,2025-05-31,Customer_79,North,Grocery,Sugar,3,2500,7500,812.27
1709,2025-02-27,Customer_24,South,Fashion,Jacket,4,250,1000,202.85
1710,2025-08-21,Customer_76,South,Grocery,Tea,3,2500,7500,631.76
1711,2025-12-31,Customer_21,North,Grocery,Rice,3,1000,3000,592.78
1712,2025-09-26,Customer_91,West,Electronics,Laptop,4,10000,40000,5668.02
1713,2025-03-29,Customer_43,South,Fashion,Jacket,5,2500,12500,1093.3
1714,2025-06-07,Customer_40,West,Fashion,Jeans,2,10000,20000,1774.46
1715,2025-01-02,Customer_80,East,Furniture,Table,1,500,500,121.64
1716,2025-01-03,Customer_78,West,Electronics,Smartwatch,4,2500,10000,1723.95
1717,2025-07-29,Customer_57,North,Fashion,Jeans,5,10000,50000,8043.55
1718,2025-10-13,Customer_27,North,Electronics,Smartphone,5,1000,5000,926.8
1719,2025-03-16,Customer_5,East,Fashion,Jeans,1,10000,10000,1393.33
1720,2025-04-02,Customer_21,East,Furniture,Chair,1,250,250,37.72
1721,2025-02-17,Customer_99,East,Fashion,Jacket,5,1000,5000,1191.76
1722,2025-10-09,Customer_9,East,Furniture,Sofa,4,250,1000,208.94
1723,2025-06-18,Customer_68,West,Grocery,Oil,1,10000,10000,2260.99
1724,2025-11-19,Customer_68,North,Fashion,Jeans,5,250,1250,123.23
1725,2025-05-13,Customer_68,East,Grocery,Sugar,4,5000,20000,4482.51
1726,2025-09-10,Customer_24,South,Fashion,Jacket,5,10000,50000,9370.79
1727,2025-11-17,Customer_16,South,Furniture,Table,1,250,250,21.02
1728,2025-11-23,Customer_28,North,Grocery,Tea,1,1000,1000,139.44
1729,2025-09-17,Customer_71,East,Fashion,Shoes,3,250,750,99.24
1730,2025-10-19,Customer_79,North,Electronics,Laptop,3,1000,3000,441.99
1731,2025-09-03,Customer_61,North,Fashion,Jeans,3,1000,3000,710.36
1732,2025-10-02,Customer_43,West,Fashion,Jacket,2,10000,20000,3166.1
1733,2025-12-14,Customer_41,North,Grocery,Rice,5,1000,5000,880.2
1734,2025-05-24,Customer_4,East,Fashion,Shoes,3,250,750,183.63
1735,2025-11-01,Customer_15,East,Grocery,Oil,5,5000,25000,3655.66
1736,2025-05-02,Customer_48,West,Furniture,Chair,3,2500,7500,710.67
1737,2025-07-11,Customer_5,South,Furniture,Table,5,1000,5000,548.76
1738,2025-09-14,Customer_20,South,Electronics,Smartwatch,5,250,1250,269.79
1739,2025-03-15,Customer_99,North,Furniture,Bed,5,1000,5000,1059.2
1740,2025-09-25,Customer_15,North,Fashion,Jeans,1,2500,2500,364.72
1741,2025-01-24,Customer_14,East,Furniture,Chair,5,250,1250,170.82
1742,2025-05-27,Customer_36,East,Electronics,Headphones,2,1000,2000,228.19
1743,2025-02-28,Customer_2,North,Grocery,Rice,3,500,1500,160.16
1744,2025-12-27,Customer_37,South,Fashion,Shoes,5,1000,5000,630.39
1745,2025-10-04,Customer_57,North,Fashion,T-Shirt,3,5000,15000,3475.22
1746,2025-07-16,Customer_7,North,Fashion,T-Shirt,4,10000,40000,3543.1
1747,2025-10-31,Customer_81,West,Grocery,Tea,2,10000,20000,3626.81
1748,2025-12-10,Customer_69,North,Furniture,Sofa,3,500,1500,301.79
1749,2025-08-22,Customer_40,West,Grocery,Oil,1,10000,10000,1596.07
1750,2025-11-12,Customer_34,East,Grocery,Oil,2,500,1000,226.39
1751,2025-01-16,Customer_9,West,Grocery,Oil,3,1000,3000,471.17
1752,2025-05-25,Customer_99,East,Electronics,Headphones,4,2500,10000,2237.8
1753,2025-06-16,Customer_72,North,Fashion,T-Shirt,4,10000,40000,8617.95
1754,2025-11-14,Customer_32,South,Furniture,Bed,4,5000,20000,3005.7
1755,2025-12-22,Customer_76,West,Grocery,Tea,1,1000,1000,115.4
1756,2025-12-06,Customer_86,North,Grocery,Sugar,5,10000,50000,6007.31
1757,2025-10-12,Customer_13,West,Grocery,Rice,5,5000,25000,3967.36
1758,2025-12-17,Customer_77,West,Fashion,Shoes,4,250,1000,181.7
1759,2025-03-13,Customer_75,North,Furniture,Bed,1,250,250,29.25
1760,2025-11-12,Customer_74,West,Fashion,Jeans,4,5000,20000,2591.11
1761,2025-12-14,Customer_39,West,Fashion,Jeans,3,1000,3000,530.84
1762,2025-09-19,Customer_52,South,Furniture,Chair,5,250,1250,229.94
1763,2025-01-01,Customer_91,East,Furniture,Chair,3,5000,15000,3668.14
1764,2025-10-30,Customer_51,East,Electronics,Headphones,1,500,500,76.7
1765,2025-12-06,Customer_23,West,Grocery,Tea,4,2500,10000,1726.7
1766,2025-07-04,Customer_54,South,Fashion,Jeans,5,2500,12500,2792.07
1767,2025-01-09,Customer_19,West,Furniture,Table,2,250,500,46.1
1768,2025-08-01,Customer_59,West,Grocery,Oil,1,500,500,94.59
1769,2025-08-19,Customer_50,East,Fashion,Jacket,5,2500,12500,2173.11
1770,2025-09-13,Customer_94,South,Fashion,Jeans,4,5000,20000,1625.26
1771,2025-01-20,Customer_73,West,Furniture,Bed,5,5000,25000,3559.62
1772,2025-02-10,Customer_19,East,Furniture,Chair,5,2500,12500,3043.69
1773,2025-08-30,Customer_81,North,Grocery,Rice,5,5000,25000,2375.9
1774,2025-08-29,Customer_59,West,Furniture,Chair,3,5000,15000,3185.24
1775,2025-01-19,Customer_89,East,Furniture,Bed,3,1000,3000,387.5
1776,2025-01-27,Customer_85,East,Furniture,Chair,4,5000,20000,2174.87
1777,2025-02-09,Customer_36,East,Electronics,Headphones,4,250,1000,101.56
1778,2025-02-27,Customer_78,South,Fashion,Shoes,3,1000,3000,247.24
1779,2025-12-25,Customer_31,West,Fashion,Jacket,3,500,1500,186.62
1780,2025-11-01,Customer_20,West,Fashion,T-Shirt,3,250,750,183.34
1781,2025-11-23,Customer_22,South,Grocery,Tea,2,10000,20000,3096.63
1782,2025-08-26,Customer_52,West,Furniture,Chair,3,250,750,66.7
1783,2025-12-28,Customer_50,West,Furniture,Bed,5,500,2500,361.42
1784,2025-08-18,Customer_49,East,Furniture,Table,5,2500,12500,1025.21
1785,2025-08-10,Customer_79,East,Electronics,Laptop,5,10000,50000,7007.54
1786,2025-10-27,Customer_51,West,Furniture,Sofa,3,250,750,92.56
1787,2025-04-03,Customer_41,North,Fashion,Jeans,5,1000,5000,976.06
1788,2025-02-23,Customer_88,West,Electronics,Laptop,1,2500,2500,241.52
1789,2025-01-13,Customer_80,North,Furniture,Table,3,1000,3000,338.47
1790,2025-03-03,Customer_12,South,Electronics,Smartphone,5,10000,50000,5035.22
1791,2025-05-31,Customer_60,North,Grocery,Oil,1,10000,10000,1113.25
1792,2025-06-15,Customer_33,South,Grocery,Sugar,4,10000,40000,9343.06
1793,2025-01-31,Customer_34,East,Electronics,Headphones,1,2500,2500,365.15
1794,2025-04-13,Customer_79,West,Fashion,Jacket,1,2500,2500,616.25
1795,2025-08-09,Customer_28,North,Fashion,Jacket,1,500,500,85.95
1796,2025-10-20,Customer_94,East,Grocery,Sugar,1,250,250,23.1
1797,2025-01-01,Customer_5,West,Grocery,Rice,4,500,2000,381.97
1798,2025-09-21,Customer_91,West,Furniture,Table,3,2500,7500,1332.67
1799,2025-02-05,Customer_70,South,Grocery,Tea,4,10000,40000,8510.37
1800,2025-07-03,Customer_43,East,Electronics,Smartwatch,4,250,1000,176.43
1801,2025-06-24,Customer_11,West,Grocery,Rice,1,1000,1000,170.89
1802,2025-07-16,Customer_85,South,Furniture,Table,2,5000,10000,866.86
1803,2025-09-07,Customer_11,West,Furniture,Bed,1,10000,10000,1971.03
1804,2025-10-31,Customer_31,West,Fashion,Jeans,1,500,500,42.16
1805,2025-10-01,Customer_58,North,Grocery,Rice,5,10000,50000,6615.71
1806,2025-01-22,Customer_52,North,Electronics,Headphones,1,1000,1000,213.92
1807,2025-04-30,Customer_10,North,Fashion,Jacket,5,500,2500,514.95
1808,2025-11-13,Customer_6,South,Fashion,Jacket,1,2500,2500,585.55
1809,2025-06-07,Customer_13,West,Fashion,T-Shirt,2,10000,20000,1769.86
1810,2025-11-12,Customer_29,North,Fashion,T-Shirt,1,250,250,41.13
1811,2025-06-16,Customer_16,South,Fashion,Jacket,3,10000,30000,5859.83
1812,2025-02-02,Customer_16,East,Furniture,Table,1,5000,5000,547.43
1813,2025-03-26,Customer_57,South,Fashion,Jacket,2,10000,20000,2857.75
1814,2025-03-22,Customer_3,West,Electronics,Smartphone,1,10000,10000,1841.15
1815,2025-12-28,Customer_84,East,Electronics,Laptop,1,500,500,118.72
1816,2025-05-19,Customer_67,West,Grocery,Tea,2,500,1000,104.32
1817,2025-11-02,Customer_24,West,Grocery,Oil,2,5000,10000,1975.85
1818,2025-05-01,Customer_25,North,Electronics,Headphones,3,2500,7500,605.83
1819,2025-11-17,Customer_85,South,Electronics,Headphones,5,5000,25000,2931.92
1820,2025-12-17,Customer_61,West,Furniture,Chair,2,250,500,107.71
1821,2025-05-26,Customer_27,West,Fashion,Jeans,1,250,250,47.41
1822,2025-01-27,Customer_69,South,Furniture,Sofa,5,2500,12500,1092.05
1823,2025-05-01,Customer_93,West,Fashion,T-Shirt,4,5000,20000,1994.62
1824,2025-06-16,Customer_30,North,Furniture,Bed,2,10000,20000,3901.3
1825,2025-04-13,Customer_49,South,Furniture,Table,1,500,500,102.71
1826,2025-08-12,Customer_19,South,Electronics,Smartwatch,5,2500,12500,1115.47
1827,2025-04-10,Customer_81,East,Grocery,Oil,4,1000,4000,412.76
1828,2025-10-19,Customer_8,East,Furniture,Table,3,500,1500,128.18
1829,2025-06-25,Customer_29,East,Fashion,T-Shirt,4,2500,10000,1510.98
1830,2025-02-14,Customer_53,West,Fashion,Jeans,5,5000,25000,5633.77
1831,2025-08-08,Customer_95,South,Fashion,Jacket,4,1000,4000,329.86
1832,2025-10-30,Customer_20,North,Fashion,Shoes,4,5000,20000,2356.18
1833,2025-09-16,Customer_5,West,Grocery,Rice,1,2500,2500,511.73
1834,2025-02-12,Customer_72,North,Grocery,Tea,1,2500,2500,410.5
1835,2025-11-28,Customer_12,North,Grocery,Oil,2,1000,2000,260.57
1836,2025-10-20,Customer_96,North,Grocery,Sugar,2,10000,20000,3161.56
1837,2025-07-09,Customer_81,West,Grocery,Tea,2,10000,20000,2978.23
1838,2025-01-17,Customer_38,West,Electronics,Laptop,4,10000,40000,5463.76
1839,2025-01-29,Customer_66,East,Furniture,Table,1,5000,5000,1148.72
1840,2025-01-21,Customer_47,East,Electronics,Laptop,4,1000,4000,636.44
1841,2025-03-12,Customer_43,South,Fashion,T-Shirt,5,10000,50000,10575.39
1842,2025-04-26,Customer_42,East,Electronics,Smartwatch,5,10000,50000,5783.25
1843,2025-06-26,Customer_58,West,Furniture,Bed,3,250,750,68.08
1844,2025-05-30,Customer_58,East,Electronics,Smartwatch,5,10000,50000,11015.72
1845,2025-04-02,Customer_37,North,Electronics,Smartphone,4,250,1000,93.63
1846,2025-09-12,Customer_20,South,Electronics,Smartphone,3,250,750,148.88
1847,2025-03-09,Customer_61,East,Electronics,Headphones,4,10000,40000,6881.76
1848,2025-01-12,Customer_30,East,Grocery,Tea,1,1000,1000,112.14
1849,2025-12-23,Customer_68,West,Grocery,Sugar,3,2500,7500,1356.53
1850,2025-06-06,Customer_22,East,Grocery,Sugar,5,500,2500,581.77
1851,2025-01-25,Customer_19,East,Fashion,Jacket,3,1000,3000,632.57
1852,2025-12-31,Customer_69,East,Furniture,Bed,2,5000,10000,2371.02
1853,2025-01-22,Customer_41,South,Fashion,Jeans,2,500,1000,120.44
1854,2025-12-29,Customer_5,East,Grocery,Sugar,3,500,1500,172.31
1855,2025-03-25,Customer_69,East,Furniture,Table,3,2500,7500,1288.33
1856,2025-08-23,Customer_41,South,Electronics,Laptop,4,2500,10000,2106.48
1857,2025-10-21,Customer_86,South,Electronics,Headphones,3,2500,7500,1742.37
1858,2025-01-21,Customer_18,North,Grocery,Sugar,1,10000,10000,1614.27
1859,2025-08-17,Customer_46,North,Furniture,Chair,4,5000,20000,4458.98
1860,2025-09-27,Customer_29,East,Furniture,Chair,5,10000,50000,5658.77
1861,2025-12-13,Customer_86,North,Fashion,T-Shirt,1,5000,5000,1122.03
1862,2025-09-19,Customer_8,East,Grocery,Oil,4,1000,4000,730.16
1863,2025-01-07,Customer_37,East,Grocery,Oil,4,1000,4000,582.56
1864,2025-08-16,Customer_95,West,Furniture,Sofa,4,5000,20000,1897.84
1865,2025-08-06,Customer_94,West,Grocery,Sugar,2,10000,20000,4899.23
1866,2025-09-26,Customer_43,North,Fashion,T-Shirt,2,500,1000,131.55
1867,2025-05-20,Customer_54,South,Grocery,Rice,1,2500,2500,471.49
1868,2025-05-29,Customer_71,West,Grocery,Oil,2,500,1000,221.49
1869,2025-08-26,Customer_29,North,Electronics,Headphones,5,1000,5000,819.99
1870,2025-11-22,Customer_61,North,Electronics,Smartphone,3,1000,3000,727.57
1871,2025-11-27,Customer_32,North,Furniture,Bed,2,2500,5000,1170.77
1872,2025-07-05,Customer_75,West,Electronics,Headphones,4,250,1000,181.81
1873,2025-07-11,Customer_66,North,Grocery,Sugar,4,10000,40000,8764.31
1874,2025-08-25,Customer_89,South,Furniture,Table,5,250,1250,131.05
1875,2025-11-22,Customer_46,North,Furniture,Table,1,1000,1000,141.4
1876,2025-09-21,Customer_25,South,Furniture,Sofa,5,10000,50000,11958.69
1877,2025-12-17,Customer_39,East,Electronics,Smartphone,5,1000,5000,1141.58
1878,2025-03-15,Customer_2,South,Furniture,Chair,5,5000,25000,3494.42
1879,2025-03-25,Customer_14,South,Furniture,Sofa,4,2500,10000,1378.53
1880,2025-09-27,Customer_69,North,Fashion,Jeans,2,5000,10000,1842.83
1881,2025-01-09,Customer_62,East,Grocery,Tea,1,250,250,54.8
1882,2025-11-02,Customer_67,East,Furniture,Sofa,2,2500,5000,1156.27
1883,2025-04-24,Customer_17,South,Fashion,Shoes,1,10000,10000,2184.78
1884,2025-02-10,Customer_55,North,Fashion,Shoes,2,500,1000,102.14
1885,2025-02-25,Customer_5,North,Electronics,Laptop,4,2500,10000,872.28
1886,2025-12-08,Customer_2,North,Grocery,Rice,3,250,750,68.45
1887,2025-06-29,Customer_4,North,Electronics,Smartphone,5,500,2500,278.53
1888,2025-09-14,Customer_100,South,Fashion,Shoes,5,1000,5000,699.37
1889,2025-04-09,Customer_37,South,Electronics,Laptop,5,250,1250,212.38
1890,2025-09-01,Customer_47,South,Electronics,Laptop,2,5000,10000,2247.2
1891,2025-08-06,Customer_28,South,Grocery,Rice,2,1000,2000,493.64
1892,2025-09-24,Customer_18,West,Grocery,Rice,3,250,750,119.4
1893,2025-06-17,Customer_64,North,Furniture,Sofa,5,10000,50000,4345.17
1894,2025-12-18,Customer_57,South,Grocery,Sugar,4,5000,20000,4102.99
1895,2025-09-01,Customer_87,East,Grocery,Sugar,4,500,2000,451.3
1896,2025-08-13,Customer_67,North,Fashion,T-Shirt,4,10000,40000,3915.17
1897,2025-02-22,Customer_95,South,Electronics,Smartphone,4,2500,10000,1981.56
1898,2025-07-26,Customer_16,South,Electronics,Headphones,2,1000,2000,228.09
1899,2025-10-31,Customer_35,West,Grocery,Tea,3,10000,30000,6306.46
1900,2025-09-19,Customer_36,South,Furniture,Bed,5,2500,12500,3098.49
1901,2025-04-29,Customer_81,South,Grocery,Rice,1,1000,1000,163.19
1902,2025-01-14,Customer_23,West,Electronics,Laptop,1,250,250,41.17
1903,2025-02-09,Customer_85,West,Furniture,Table,3,5000,15000,2789.24
1904,2025-09-16,Customer_34,East,Grocery,Oil,3,10000,30000,4939.29
1905,2025-06-11,Customer_49,West,Electronics,Laptop,4,250,1000,145.22
1906,2025-06-05,Customer_91,South,Grocery,Rice,1,500,500,87.32
1907,2025-09-07,Customer_98,North,Grocery,Tea,2,1000,2000,403.35
1908,2025-09-17,Customer_8,West,Grocery,Tea,4,5000,20000,4504.79
1909,2025-06-30,Customer_99,East,Furniture,Bed,5,2500,12500,2311.0
1910,2025-07-07,Customer_45,North,Furniture,Chair,1,5000,5000,438.35
1911,2025-07-02,Customer_53,East,Furniture,Bed,1,2500,2500,346.69
1912,2025-10-31,Customer_11,North,Electronics,Smartphone,2,500,1000,190.17
1913,2025-06-16,Customer_5,West,Furniture,Chair,3,500,1500,125.03
1914,2025-10-29,Customer_3,East,Grocery,Tea,3,250,750,148.73
1915,2025-09-08,Customer_13,South,Grocery,Tea,3,5000,15000,1449.2
1916,2025-11-11,Customer_39,East,Furniture,Bed,5,10000,50000,6886.09
1917,2025-02-08,Customer_69,South,Grocery,Oil,4,10000,40000,8961.87
1918,2025-07-25,Customer_29,North,Furniture,Sofa,1,1000,1000,249.36
1919,2025-09-29,Customer_61,West,Electronics,Headphones,3,250,750,132.22
1920,2025-09-16,Customer_39,West,Fashion,Shoes,1,10000,10000,2200.36
1921,2025-09-21,Customer_59,South,Furniture,Table,4,2500,10000,1227.15
1922,2025-08-28,Customer_35,West,Electronics,Smartphone,5,2500,12500,1452.52
1923,2025-03-19,Customer_96,East,Electronics,Smartphone,3,2500,7500,788.37
1924,2025-07-31,Customer_35,East,Grocery,Tea,3,250,750,140.83
1925,2025-02-28,Customer_20,South,Fashion,Shoes,5,500,2500,372.49
1926,2025-08-12,Customer_55,North,Electronics,Smartphone,3,2500,7500,1218.86
1927,2025-05-23,Customer_85,South,Fashion,Jeans,3,500,1500,127.43
1928,2025-02-12,Customer_41,East,Electronics,Smartwatch,1,250,250,56.53
1929,2025-02-16,Customer_51,South,Electronics,Smartwatch,3,10000,30000,5752.9
1930,2025-03-03,Customer_67,East,Fashion,T-Shirt,5,10000,50000,8252.11
1931,2025-06-10,Customer_43,West,Grocery,Rice,2,5000,10000,1007.87
1932,2025-04-20,Customer_36,West,Fashion,Jacket,2,500,1000,98.16
1933,2025-07-11,Customer_90,North,Grocery,Sugar,5,250,1250,204.2
1934,2025-05-23,Customer_19,East,Furniture,Bed,4,10000,40000,4875.16
1935,2025-11-07,Customer_5,North,Grocery,Sugar,3,250,750,142.29
1936,2025-12-25,Customer_47,North,Fashion,Shoes,5,2500,12500,1657.2
1937,2025-07-21,Customer_33,East,Fashion,Jacket,4,250,1000,234.66
1938,2025-03-24,Customer_57,East,Electronics,Smartphone,3,500,1500,339.15
1939,2025-09-09,Customer_61,West,Grocery,Rice,3,250,750,164.96
1940,2025-09-17,Customer_9,East,Furniture,Bed,1,500,500,99.37
1941,2025-01-27,Customer_83,South,Grocery,Sugar,4,10000,40000,3385.99
1942,2025-06-06,Customer_41,North,Grocery,Oil,1,2500,2500,285.03
1943,2025-11-29,Customer_98,South,Electronics,Smartphone,2,5000,10000,2013.06
1944,2025-03-10,Customer_34,South,Grocery,Sugar,4,2500,10000,2284.96
1945,2025-04-04,Customer_51,West,Furniture,Sofa,2,250,500,75.23
1946,2025-11-17,Customer_30,North,Fashion,T-Shirt,1,5000,5000,950.04
1947,2025-01-26,Customer_52,West,Grocery,Oil,3,10000,30000,6744.34
1948,2025-10-18,Customer_16,North,Furniture,Table,1,1000,1000,108.92
1949,2025-04-15,Customer_25,East,Grocery,Tea,4,250,1000,118.16
1950,2025-04-16,Customer_77,South,Furniture,Bed,4,500,2000,306.64
1951,2025-03-16,Customer_4,East,Furniture,Table,4,500,2000,298.9
1952,2025-07-09,Customer_75,West,Furniture,Table,5,2500,12500,2928.07
1953,2025-12-21,Customer_51,South,Electronics,Laptop,4,500,2000,456.29
1954,2025-10-13,Customer_8,North,Grocery,Tea,5,1000,5000,462.1
1955,2025-12-10,Customer_77,North,Furniture,Table,4,1000,4000,997.78
1956,2025-07-22,Customer_86,East,Electronics,Headphones,5,5000,25000,3618.99
1957,2025-09-15,Customer_64,East,Fashion,T-Shirt,5,500,2500,310.62
1958,2025-08-10,Customer_19,East,Grocery,Oil,1,1000,1000,200.74
1959,2025-05-24,Customer_96,East,Electronics,Headphones,1,500,500,82.43
1960,2025-05-16,Customer_67,East,Grocery,Sugar,3,5000,15000,3315.45
1961,2025-03-19,Customer_72,West,Grocery,Oil,3,10000,30000,7472.28
1962,2025-01-19,Customer_61,East,Electronics,Smartphone,2,250,500,59.54
1963,2025-09-11,Customer_6,West,Fashion,Jacket,4,250,1000,249.18
1964,2025-03-17,Customer_16,East,Furniture,Bed,4,2500,10000,991.23
1965,2025-09-18,Customer_35,South,Electronics,Smartphone,3,500,1500,332.91
1966,2025-09-13,Customer_87,North,Electronics,Smartphone,4,250,1000,121.85
1967,2025-03-04,Customer_51,East,Furniture,Chair,3,10000,30000,7404.81
1968,2025-12-29,Customer_85,West,Electronics,Headphones,2,250,500,46.89
1969,2025-01-23,Customer_84,West,Grocery,Sugar,5,10000,50000,4049.35
1970,2025-05-25,Customer_42,North,Furniture,Table,2,250,500,108.13
1971,2025-05-03,Customer_99,West,Electronics,Smartwatch,1,2500,2500,308.44
1972,2025-07-26,Customer_37,South,Electronics,Laptop,2,500,1000,146.05
1973,2025-06-08,Customer_88,South,Electronics,Headphones,4,2500,10000,2051.01
1974,2025-08-17,Customer_50,West,Furniture,Chair,3,5000,15000,1709.67
1975,2025-11-11,Customer_24,West,Furniture,Bed,1,2500,2500,544.67
1976,2025-08-26,Customer_87,South,Grocery,Rice,1,5000,5000,690.48
1977,2025-02-12,Customer_38,West,Fashion,Jacket,5,10000,50000,9501.42
1978,2025-03-07,Customer_88,East,Grocery,Rice,4,1000,4000,421.05
1979,2025-02-09,Customer_6,North,Fashion,Jacket,3,5000,15000,1321.71
1980,2025-10-19,Customer_33,East,Grocery,Tea,1,2500,2500,480.86
1981,2025-12-05,Customer_60,South,Furniture,Chair,5,250,1250,124.21
1982,2025-12-27,Customer_39,East,Fashion,Jacket,1,250,250,37.69
1983,2025-04-06,Customer_28,South,Grocery,Tea,5,1000,5000,690.13
1984,2025-01-03,Customer_51,North,Electronics,Headphones,1,2500,2500,427.11
1985,2025-12-03,Customer_96,West,Electronics,Smartphone,4,2500,10000,1976.07
1986,2025-03-11,Customer_2,South,Furniture,Sofa,4,1000,4000,379.59
1987,2025-11-29,Customer_19,South,Electronics,Laptop,2,250,500,57.78
1988,2025-03-17,Customer_61,West,Grocery,Oil,1,1000,1000,210.85
1989,2025-08-16,Customer_63,West,Electronics,Laptop,2,500,1000,205.59
1990,2025-10-19,Customer_51,North,Electronics,Smartwatch,5,500,2500,285.57
1991,2025-08-10,Customer_54,West,Furniture,Chair,1,10000,10000,2240.97
1992,2025-10-30,Customer_93,West,Furniture,Chair,4,2500,10000,1626.37
1993,2025-06-11,Customer_71,North,Fashion,T-Shirt,5,250,1250,189.68
1994,2025-11-27,Customer_45,West,Furniture,Bed,4,250,1000,164.11
1995,2025-08-29,Customer_45,West,Grocery,Rice,2,1000,2000,406.91
1996,2025-11-05,Customer_92,West,Fashion,Jeans,5,10000,50000,6882.8
1997,2025-12-11,Customer_84,East,Fashion,Shoes,4,2500,10000,2216.24
1998,2025-02-14,Customer_86,West,Grocery,Oil,5,500,2500,320.04
1999,2025-02-21,Customer_54,West,Fashion,Jeans,2,500,1000,182.98
2000,2025-01-10,Customer_46,East,Furniture,Table,2,5000,10000,879.98
